﻿<?xml version="1.0" encoding="utf-8"?>
<DHCPServer xmlns="http://schemas.microsoft.com/windows/DHCPServer">
  <MajorVersion xmlns="">6</MajorVersion>
  <MinorVersion xmlns="">1</MinorVersion>
  <IPv4 xmlns="">
    <ConflictDetectionAttempts>2</ConflictDetectionAttempts>
    <NapEnabled>false</NapEnabled>
    <NpsUnreachableAction>Full</NpsUnreachableAction>
    <Classes>
      <Class>
        <Name>Default Routing and Remote Access Class</Name>
        <Type>User</Type>
        <Data>0x525241532e4d6963726f736f6674</Data>
        <Description>User class for remote access clients</Description>
      </Class>
      <Class>
        <Name>Default Network Access Protection Class</Name>
        <Type>User</Type>
        <Data>0x4d5346542051756172616e74696e65</Data>
        <Description>Default special user class for Restricted Access clients</Description>
      </Class>
      <Class>
        <Name>Default BOOTP Class</Name>
        <Type>User</Type>
        <Data>0x424f4f54502e4d6963726f736f6674</Data>
        <Description>User class for BOOTP Clients</Description>
      </Class>
      <Class>
        <Name>Microsoft Windows 2000 Options</Name>
        <Type>Vendor</Type>
        <Data>0x4d53465420352e30</Data>
        <Description>Microsoft vendor-specific options for Windows 2000 and above Clients</Description>
      </Class>
      <Class>
        <Name>Microsoft Windows 98 Options</Name>
        <Type>Vendor</Type>
        <Data>0x4d534654203938</Data>
        <Description>Microsoft vendor-specific options for Windows 98 Clients</Description>
      </Class>
      <Class>
        <Name>Microsoft Options</Name>
        <Type>Vendor</Type>
        <Data>0x4d534654</Data>
        <Description>Microsoft vendor-specific options applicable to all Windows Clients</Description>
      </Class>
    </Classes>
    <OptionDefinitions>
      <OptionDefinition>
        <Name>Classless Static Routes</Name>
        <OptionId>121</OptionId>
        <Type>BinaryData</Type>
        <MultiValued>false</MultiValued>
        <Description>Destination, mask and router IP addresses in priority order</Description>
        <VendorClass />
      </OptionDefinition>
      <OptionDefinition>
        <Name>Subnet Mask</Name>
        <OptionId>1</OptionId>
        <Type>IPv4Address</Type>
        <MultiValued>false</MultiValued>
        <DefaultValue>0.0.0.0</DefaultValue>
        <Description>Subnet mask in network byte order</Description>
        <VendorClass />
      </OptionDefinition>
      <OptionDefinition>
        <Name>Time Offset</Name>
        <OptionId>2</OptionId>
        <Type>DWord</Type>
        <MultiValued>false</MultiValued>
        <DefaultValue>0</DefaultValue>
        <Description>UCT offset in seconds</Description>
        <VendorClass />
      </OptionDefinition>
      <OptionDefinition>
        <Name>Router</Name>
        <OptionId>3</OptionId>
        <Type>IPv4Address</Type>
        <MultiValued>true</MultiValued>
        <DefaultValue>0.0.0.0</DefaultValue>
        <Description>Array of router addresses ordered by preference</Description>
        <VendorClass />
      </OptionDefinition>
      <OptionDefinition>
        <Name>Time Server</Name>
        <OptionId>4</OptionId>
        <Type>IPv4Address</Type>
        <MultiValued>true</MultiValued>
        <DefaultValue>0.0.0.0</DefaultValue>
        <Description>Array of time server addresses, by preference</Description>
        <VendorClass />
      </OptionDefinition>
      <OptionDefinition>
        <Name>Name Servers</Name>
        <OptionId>5</OptionId>
        <Type>IPv4Address</Type>
        <MultiValued>true</MultiValued>
        <DefaultValue>0.0.0.0</DefaultValue>
        <Description>Array of name servers [IEN 116], by preference</Description>
        <VendorClass />
      </OptionDefinition>
      <OptionDefinition>
        <Name>DNS Servers</Name>
        <OptionId>6</OptionId>
        <Type>IPv4Address</Type>
        <MultiValued>true</MultiValued>
        <DefaultValue>0.0.0.0</DefaultValue>
        <Description>Array of DNS servers, by preference</Description>
        <VendorClass />
      </OptionDefinition>
      <OptionDefinition>
        <Name>Log Servers</Name>
        <OptionId>7</OptionId>
        <Type>IPv4Address</Type>
        <MultiValued>true</MultiValued>
        <DefaultValue>0.0.0.0</DefaultValue>
        <Description>Array of MIT_LCS UDP log servers on subnet</Description>
        <VendorClass />
      </OptionDefinition>
      <OptionDefinition>
        <Name>Cookie Servers</Name>
        <OptionId>8</OptionId>
        <Type>IPv4Address</Type>
        <MultiValued>true</MultiValued>
        <DefaultValue>0.0.0.0</DefaultValue>
        <Description>Array of cookie servers, RFC 865</Description>
        <VendorClass />
      </OptionDefinition>
      <OptionDefinition>
        <Name>LPR Servers</Name>
        <OptionId>9</OptionId>
        <Type>IPv4Address</Type>
        <MultiValued>true</MultiValued>
        <DefaultValue>0.0.0.0</DefaultValue>
        <Description>Array of RFC 1179 servers, by preference</Description>
        <VendorClass />
      </OptionDefinition>
      <OptionDefinition>
        <Name>Impress Servers</Name>
        <OptionId>10</OptionId>
        <Type>IPv4Address</Type>
        <MultiValued>true</MultiValued>
        <DefaultValue>0.0.0.0</DefaultValue>
        <Description>Array of Imagen Impress Servers</Description>
        <VendorClass />
      </OptionDefinition>
      <OptionDefinition>
        <Name>Resource Location Servers</Name>
        <OptionId>11</OptionId>
        <Type>IPv4Address</Type>
        <MultiValued>true</MultiValued>
        <DefaultValue>0.0.0.0</DefaultValue>
        <Description>Array of RFC 887 ResLoc Servers on subnet, by preference</Description>
        <VendorClass />
      </OptionDefinition>
      <OptionDefinition>
        <Name>Host Name</Name>
        <OptionId>12</OptionId>
        <Type>String</Type>
        <MultiValued>false</MultiValued>
        <DefaultValue />
        <Description>Host name for client, RFC 1035 character set</Description>
        <VendorClass />
      </OptionDefinition>
      <OptionDefinition>
        <Name>Boot File Size</Name>
        <OptionId>13</OptionId>
        <Type>Word</Type>
        <MultiValued>false</MultiValued>
        <DefaultValue>0</DefaultValue>
        <Description>Size of boot image file in 512-octet blocks</Description>
        <VendorClass />
      </OptionDefinition>
      <OptionDefinition>
        <Name>Merit Dump File</Name>
        <OptionId>14</OptionId>
        <Type>String</Type>
        <MultiValued>false</MultiValued>
        <DefaultValue />
        <Description>Path name for crash dump file</Description>
        <VendorClass />
      </OptionDefinition>
      <OptionDefinition>
        <Name>DNS Domain Name</Name>
        <OptionId>15</OptionId>
        <Type>String</Type>
        <MultiValued>false</MultiValued>
        <DefaultValue />
        <Description>DNS Domain name for client resolutions</Description>
        <VendorClass />
      </OptionDefinition>
      <OptionDefinition>
        <Name>Swap Server</Name>
        <OptionId>16</OptionId>
        <Type>IPv4Address</Type>
        <MultiValued>false</MultiValued>
        <DefaultValue>0.0.0.0</DefaultValue>
        <Description>Address of client's swap server</Description>
        <VendorClass />
      </OptionDefinition>
      <OptionDefinition>
        <Name>Root Path</Name>
        <OptionId>17</OptionId>
        <Type>String</Type>
        <MultiValued>false</MultiValued>
        <DefaultValue />
        <Description>Path name for client's root disk, char set NVT ASCII</Description>
        <VendorClass />
      </OptionDefinition>
      <OptionDefinition>
        <Name>Extensions Path</Name>
        <OptionId>18</OptionId>
        <Type>String</Type>
        <MultiValued>false</MultiValued>
        <DefaultValue />
        <Description>tftp file for option extensions</Description>
        <VendorClass />
      </OptionDefinition>
      <OptionDefinition>
        <Name>IP Layer Forwarding</Name>
        <OptionId>19</OptionId>
        <Type>Byte</Type>
        <MultiValued>false</MultiValued>
        <DefaultValue>0x00</DefaultValue>
        <Description>Disable/enable IP packet forwarding on this client</Description>
        <VendorClass />
      </OptionDefinition>
      <OptionDefinition>
        <Name>Nonlocal Source Routing</Name>
        <OptionId>20</OptionId>
        <Type>Byte</Type>
        <MultiValued>false</MultiValued>
        <DefaultValue>0x00</DefaultValue>
        <Description>Disable/enable nonlocal datagrams</Description>
        <VendorClass />
      </OptionDefinition>
      <OptionDefinition>
        <Name>Policy Filter Masks</Name>
        <OptionId>21</OptionId>
        <Type>IPv4Address</Type>
        <MultiValued>true</MultiValued>
        <DefaultValue>0.0.0.0</DefaultValue>
        <Description>Destination/mask IP address pairs to filter source routes</Description>
        <VendorClass />
      </OptionDefinition>
      <OptionDefinition>
        <Name>Max DG Reassembly Size</Name>
        <OptionId>22</OptionId>
        <Type>Word</Type>
        <MultiValued>false</MultiValued>
        <DefaultValue>0</DefaultValue>
        <Description>Maximum size datagram for reassembly by client; max 576</Description>
        <VendorClass />
      </OptionDefinition>
      <OptionDefinition>
        <Name>Default IP Time-to-live</Name>
        <OptionId>23</OptionId>
        <Type>Byte</Type>
        <MultiValued>false</MultiValued>
        <DefaultValue>0x00</DefaultValue>
        <Description>Default TTL for client's use on outgoing DGs</Description>
        <VendorClass />
      </OptionDefinition>
      <OptionDefinition>
        <Name>Path MTU Aging Timeout</Name>
        <OptionId>24</OptionId>
        <Type>DWord</Type>
        <MultiValued>false</MultiValued>
        <DefaultValue>0</DefaultValue>
        <Description>Timeout in seconds for aging Path MTU values; RFC 1191</Description>
        <VendorClass />
      </OptionDefinition>
      <OptionDefinition>
        <Name>Path MTU Plateau Table</Name>
        <OptionId>25</OptionId>
        <Type>Word</Type>
        <MultiValued>true</MultiValued>
        <DefaultValue>0</DefaultValue>
        <Description>MTU discovery sizes, sorted by size, all &gt;= 68</Description>
        <VendorClass />
      </OptionDefinition>
      <OptionDefinition>
        <Name>MTU Option</Name>
        <OptionId>26</OptionId>
        <Type>Word</Type>
        <MultiValued>false</MultiValued>
        <DefaultValue>0</DefaultValue>
        <Description>MTU discovery size, &gt;= 68</Description>
        <VendorClass />
      </OptionDefinition>
      <OptionDefinition>
        <Name>All subnets are local</Name>
        <OptionId>27</OptionId>
        <Type>Byte</Type>
        <MultiValued>false</MultiValued>
        <DefaultValue>0x00</DefaultValue>
        <Description>The client assumes that all subnets are local</Description>
        <VendorClass />
      </OptionDefinition>
      <OptionDefinition>
        <Name>Broadcast Address</Name>
        <OptionId>28</OptionId>
        <Type>IPv4Address</Type>
        <MultiValued>false</MultiValued>
        <DefaultValue>0.0.0.0</DefaultValue>
        <Description>Broadcast address</Description>
        <VendorClass />
      </OptionDefinition>
      <OptionDefinition>
        <Name>Perform Mask Discovery</Name>
        <OptionId>29</OptionId>
        <Type>Byte</Type>
        <MultiValued>false</MultiValued>
        <DefaultValue>0x00</DefaultValue>
        <Description>The client should use ICMP for subnet mask discovery.</Description>
        <VendorClass />
      </OptionDefinition>
      <OptionDefinition>
        <Name>Mask Supplier Option</Name>
        <OptionId>30</OptionId>
        <Type>Byte</Type>
        <MultiValued>false</MultiValued>
        <DefaultValue>0x00</DefaultValue>
        <Description>The client should respond to subnet mask requests via ICMP.</Description>
        <VendorClass />
      </OptionDefinition>
      <OptionDefinition>
        <Name>Perform Router Discovery</Name>
        <OptionId>31</OptionId>
        <Type>Byte</Type>
        <MultiValued>false</MultiValued>
        <DefaultValue>0x00</DefaultValue>
        <Description>The client should solicit routers using RFC 1256.</Description>
        <VendorClass />
      </OptionDefinition>
      <OptionDefinition>
        <Name>Router Solicitation Address</Name>
        <OptionId>32</OptionId>
        <Type>IPv4Address</Type>
        <MultiValued>false</MultiValued>
        <DefaultValue>0.0.0.0</DefaultValue>
        <Description>Address to use for router solicitation</Description>
        <VendorClass />
      </OptionDefinition>
      <OptionDefinition>
        <Name>Static Route Option</Name>
        <OptionId>33</OptionId>
        <Type>IPv4Address</Type>
        <MultiValued>true</MultiValued>
        <DefaultValue>0.0.0.0</DefaultValue>
        <Description>Destination/router address pairs, in priority order</Description>
        <VendorClass />
      </OptionDefinition>
      <OptionDefinition>
        <Name>Trailer Encapsulation</Name>
        <OptionId>34</OptionId>
        <Type>Byte</Type>
        <MultiValued>false</MultiValued>
        <DefaultValue>0x00</DefaultValue>
        <Description>The client should negotiate use of trailers (RFC 983).</Description>
        <VendorClass />
      </OptionDefinition>
      <OptionDefinition>
        <Name>ARP Cache Timeout</Name>
        <OptionId>35</OptionId>
        <Type>DWord</Type>
        <MultiValued>false</MultiValued>
        <DefaultValue>0</DefaultValue>
        <Description>Timeout in seconds for ARP cache entries</Description>
        <VendorClass />
      </OptionDefinition>
      <OptionDefinition>
        <Name>Ethernet Encapsulation</Name>
        <OptionId>36</OptionId>
        <Type>Byte</Type>
        <MultiValued>false</MultiValued>
        <DefaultValue>0x00</DefaultValue>
        <Description>0=&gt;client should use ENet V2; 1=&gt; IEEE 802.3</Description>
        <VendorClass />
      </OptionDefinition>
      <OptionDefinition>
        <Name>TCP Default Time-to-live</Name>
        <OptionId>37</OptionId>
        <Type>Byte</Type>
        <MultiValued>false</MultiValued>
        <DefaultValue>0x00</DefaultValue>
        <Description>TTL that client uses when sending TCP segments</Description>
        <VendorClass />
      </OptionDefinition>
      <OptionDefinition>
        <Name>Keepalive Interval</Name>
        <OptionId>38</OptionId>
        <Type>DWord</Type>
        <MultiValued>false</MultiValued>
        <DefaultValue>0</DefaultValue>
        <Description>Keepalive timeout in seconds</Description>
        <VendorClass />
      </OptionDefinition>
      <OptionDefinition>
        <Name>Keepalive Garbage</Name>
        <OptionId>39</OptionId>
        <Type>Byte</Type>
        <MultiValued>false</MultiValued>
        <DefaultValue>0x00</DefaultValue>
        <Description>Send garbage octet</Description>
        <VendorClass />
      </OptionDefinition>
      <OptionDefinition>
        <Name>NIS Domain Name</Name>
        <OptionId>40</OptionId>
        <Type>String</Type>
        <MultiValued>false</MultiValued>
        <DefaultValue />
        <Description>Name of Network Information Service domain</Description>
        <VendorClass />
      </OptionDefinition>
      <OptionDefinition>
        <Name>NIS Servers</Name>
        <OptionId>41</OptionId>
        <Type>IPv4Address</Type>
        <MultiValued>true</MultiValued>
        <DefaultValue>0.0.0.0</DefaultValue>
        <Description>Addresses of NIS servers on client's subnet</Description>
        <VendorClass />
      </OptionDefinition>
      <OptionDefinition>
        <Name>NTP Servers</Name>
        <OptionId>42</OptionId>
        <Type>IPv4Address</Type>
        <MultiValued>true</MultiValued>
        <DefaultValue>0.0.0.0</DefaultValue>
        <Description>Addresses of Network Time Protocol servers</Description>
        <VendorClass />
      </OptionDefinition>
      <OptionDefinition>
        <Name>Vendor Specific Info</Name>
        <OptionId>43</OptionId>
        <Type>BinaryData</Type>
        <MultiValued>false</MultiValued>
        <Description>Embedded vendor-specific options</Description>
        <VendorClass />
      </OptionDefinition>
      <OptionDefinition>
        <Name>WINS/NBNS Servers</Name>
        <OptionId>44</OptionId>
        <Type>IPv4Address</Type>
        <MultiValued>true</MultiValued>
        <DefaultValue>0.0.0.0</DefaultValue>
        <Description>NBNS Address(es) in priority order</Description>
        <VendorClass />
      </OptionDefinition>
      <OptionDefinition>
        <Name>NetBIOS over TCP/IP NBDD</Name>
        <OptionId>45</OptionId>
        <Type>IPv4Address</Type>
        <MultiValued>true</MultiValued>
        <DefaultValue>0.0.0.0</DefaultValue>
        <Description>NetBIOS over TCP/IP NBDD address(es) in priority order</Description>
        <VendorClass />
      </OptionDefinition>
      <OptionDefinition>
        <Name>WINS/NBT Node Type</Name>
        <OptionId>46</OptionId>
        <Type>Byte</Type>
        <MultiValued>false</MultiValued>
        <DefaultValue>0x00</DefaultValue>
        <Description>0x1 = B-node, 0x2 = P-node, 0x4 = M-node, 0x8 = H-node</Description>
        <VendorClass />
      </OptionDefinition>
      <OptionDefinition>
        <Name>NetBIOS Scope ID</Name>
        <OptionId>47</OptionId>
        <Type>String</Type>
        <MultiValued>false</MultiValued>
        <DefaultValue />
        <Description>NetBIOS over TCP/IP Scope ID</Description>
        <VendorClass />
      </OptionDefinition>
      <OptionDefinition>
        <Name>X Window System Font</Name>
        <OptionId>48</OptionId>
        <Type>IPv4Address</Type>
        <MultiValued>true</MultiValued>
        <DefaultValue>0.0.0.0</DefaultValue>
        <Description>Array of X Windows font servers</Description>
        <VendorClass />
      </OptionDefinition>
      <OptionDefinition>
        <Name>X Window System Display</Name>
        <OptionId>49</OptionId>
        <Type>IPv4Address</Type>
        <MultiValued>true</MultiValued>
        <DefaultValue>0.0.0.0</DefaultValue>
        <Description>Array of X Windows Display Mgr servers</Description>
        <VendorClass />
      </OptionDefinition>
      <OptionDefinition>
        <Name>Lease</Name>
        <OptionId>51</OptionId>
        <Type>DWord</Type>
        <MultiValued>false</MultiValued>
        <DefaultValue>0</DefaultValue>
        <Description>Client IP address lease time in seconds</Description>
        <VendorClass />
      </OptionDefinition>
      <OptionDefinition>
        <Name>Renewal (T1) Time Value</Name>
        <OptionId>58</OptionId>
        <Type>DWord</Type>
        <MultiValued>false</MultiValued>
        <DefaultValue>0</DefaultValue>
        <Description>Time between addr assignment to RENEWING state</Description>
        <VendorClass />
      </OptionDefinition>
      <OptionDefinition>
        <Name>Rebinding (T2) Time Value</Name>
        <OptionId>59</OptionId>
        <Type>DWord</Type>
        <MultiValued>false</MultiValued>
        <DefaultValue>0</DefaultValue>
        <Description>Time from addr assignment to REBINDING state</Description>
        <VendorClass />
      </OptionDefinition>
      <OptionDefinition>
        <Name>NIS+ Domain Name</Name>
        <OptionId>64</OptionId>
        <Type>String</Type>
        <MultiValued>false</MultiValued>
        <DefaultValue />
        <Description>The name of the client's NIS+ domain.</Description>
        <VendorClass />
      </OptionDefinition>
      <OptionDefinition>
        <Name>NIS+ Servers</Name>
        <OptionId>65</OptionId>
        <Type>IPv4Address</Type>
        <MultiValued>true</MultiValued>
        <DefaultValue>0.0.0.0</DefaultValue>
        <Description>A list of IP addresses indicating NIS+ servers</Description>
        <VendorClass />
      </OptionDefinition>
      <OptionDefinition>
        <Name>Boot Server Host Name</Name>
        <OptionId>66</OptionId>
        <Type>String</Type>
        <MultiValued>false</MultiValued>
        <DefaultValue />
        <Description>TFTP boot server host name</Description>
        <VendorClass />
      </OptionDefinition>
      <OptionDefinition>
        <Name>Bootfile Name</Name>
        <OptionId>67</OptionId>
        <Type>String</Type>
        <MultiValued>false</MultiValued>
        <DefaultValue />
        <Description>Bootfile Name</Description>
        <VendorClass />
      </OptionDefinition>
      <OptionDefinition>
        <Name>Mobile IP Home Agents</Name>
        <OptionId>68</OptionId>
        <Type>IPv4Address</Type>
        <MultiValued>true</MultiValued>
        <DefaultValue>0.0.0.0</DefaultValue>
        <Description>Mobile IP home agents in priority order</Description>
        <VendorClass />
      </OptionDefinition>
      <OptionDefinition>
        <Name>Simple Mail Transport Protocol (SMTP) Servers</Name>
        <OptionId>69</OptionId>
        <Type>IPv4Address</Type>
        <MultiValued>true</MultiValued>
        <DefaultValue>0.0.0.0</DefaultValue>
        <Description>List of SMTP servers available to the client</Description>
        <VendorClass />
      </OptionDefinition>
      <OptionDefinition>
        <Name>Post Office Protocol (POP3) Servers</Name>
        <OptionId>70</OptionId>
        <Type>IPv4Address</Type>
        <MultiValued>true</MultiValued>
        <DefaultValue>0.0.0.0</DefaultValue>
        <Description>List of POP3 servers available to the client</Description>
        <VendorClass />
      </OptionDefinition>
      <OptionDefinition>
        <Name>Network News Transport Protocol (NNTP) Servers</Name>
        <OptionId>71</OptionId>
        <Type>IPv4Address</Type>
        <MultiValued>true</MultiValued>
        <DefaultValue>0.0.0.0</DefaultValue>
        <Description>List of NNTP servers available to the client</Description>
        <VendorClass />
      </OptionDefinition>
      <OptionDefinition>
        <Name>World Wide Web (WWW) Servers</Name>
        <OptionId>72</OptionId>
        <Type>IPv4Address</Type>
        <MultiValued>true</MultiValued>
        <DefaultValue>0.0.0.0</DefaultValue>
        <Description>List of WWW servers available to the client</Description>
        <VendorClass />
      </OptionDefinition>
      <OptionDefinition>
        <Name>Finger Servers</Name>
        <OptionId>73</OptionId>
        <Type>IPv4Address</Type>
        <MultiValued>true</MultiValued>
        <DefaultValue>0.0.0.0</DefaultValue>
        <Description>List of Finger servers available to the client</Description>
        <VendorClass />
      </OptionDefinition>
      <OptionDefinition>
        <Name>Internet Relay Chat (IRC) Servers</Name>
        <OptionId>74</OptionId>
        <Type>IPv4Address</Type>
        <MultiValued>true</MultiValued>
        <DefaultValue>0.0.0.0</DefaultValue>
        <Description>List of IRC servers available to the client</Description>
        <VendorClass />
      </OptionDefinition>
      <OptionDefinition>
        <Name>StreetTalk Servers</Name>
        <OptionId>75</OptionId>
        <Type>IPv4Address</Type>
        <MultiValued>true</MultiValued>
        <DefaultValue>0.0.0.0</DefaultValue>
        <Description>List of StreetTalk servers available to the client</Description>
        <VendorClass />
      </OptionDefinition>
      <OptionDefinition>
        <Name>StreetTalk Directory Assistance (STDA) Servers</Name>
        <OptionId>76</OptionId>
        <Type>IPv4Address</Type>
        <MultiValued>true</MultiValued>
        <DefaultValue>0.0.0.0</DefaultValue>
        <Description>List of STDA servers available to the client</Description>
        <VendorClass />
      </OptionDefinition>
      <OptionDefinition>
        <Name>VOIP - TFTP</Name>
        <OptionId>176</OptionId>
        <Type>String</Type>
        <MultiValued>false</MultiValued>
        <DefaultValue />
        <Description>IP Phone settings - TFTP</Description>
        <VendorClass />
      </OptionDefinition>
      <OptionDefinition>
        <Name>VOIP  - HTTPDIR</Name>
        <OptionId>242</OptionId>
        <Type>String</Type>
        <MultiValued>false</MultiValued>
        <DefaultValue />
        <Description>IP Phone settings - HTTPDIR</Description>
        <VendorClass />
      </OptionDefinition>
      <OptionDefinition>
        <Name>Microsoft Disable Netbios Option </Name>
        <OptionId>1</OptionId>
        <Type>DWord</Type>
        <MultiValued>false</MultiValued>
        <DefaultValue>1</DefaultValue>
        <Description>Option for enabling or disabling Netbios for Microsoft Windows 2000 Clients</Description>
        <VendorClass>Microsoft Options</VendorClass>
      </OptionDefinition>
      <OptionDefinition>
        <Name>Microsoft Release DHCP Lease On Shutdown Option</Name>
        <OptionId>2</OptionId>
        <Type>DWord</Type>
        <MultiValued>false</MultiValued>
        <DefaultValue>1</DefaultValue>
        <Description>Option for enabling or disabling Windows 2000 Clients to release DHCP lease on shutdown</Description>
        <VendorClass>Microsoft Options</VendorClass>
      </OptionDefinition>
      <OptionDefinition>
        <Name>Microsoft Default Router Metric Base</Name>
        <OptionId>3</OptionId>
        <Type>DWord</Type>
        <MultiValued>false</MultiValued>
        <DefaultValue>1</DefaultValue>
        <Description>Default Router Base Metrics for Microsoft Windows 2000 Clients</Description>
        <VendorClass>Microsoft Options</VendorClass>
      </OptionDefinition>
      <OptionDefinition>
        <Name>Microsoft Disable Netbios Option </Name>
        <OptionId>1</OptionId>
        <Type>DWord</Type>
        <MultiValued>false</MultiValued>
        <DefaultValue>1</DefaultValue>
        <Description>Option for enabling or disabling Netbios for Microsoft Windows 2000 Clients</Description>
        <VendorClass>Microsoft Windows 2000 Options</VendorClass>
      </OptionDefinition>
      <OptionDefinition>
        <Name>Microsoft Release DHCP Lease On Shutdown Option</Name>
        <OptionId>2</OptionId>
        <Type>DWord</Type>
        <MultiValued>false</MultiValued>
        <DefaultValue>1</DefaultValue>
        <Description>Option for enabling or disabling Windows 2000 Clients to release DHCP lease on shutdown</Description>
        <VendorClass>Microsoft Windows 2000 Options</VendorClass>
      </OptionDefinition>
      <OptionDefinition>
        <Name>Microsoft Default Router Metric Base</Name>
        <OptionId>3</OptionId>
        <Type>DWord</Type>
        <MultiValued>false</MultiValued>
        <DefaultValue>0</DefaultValue>
        <Description>Default Router Base Metrics for Microsoft Windows 2000 Clients</Description>
        <VendorClass>Microsoft Windows 2000 Options</VendorClass>
      </OptionDefinition>
    </OptionDefinitions>
    <OptionValues>
      <OptionValue>
        <OptionId>81</OptionId>
        <Value>7</Value>
        <VendorClass />
        <UserClass />
      </OptionValue>
    </OptionValues>
    <Filters>
      <Allow>false</Allow>
      <Deny>false</Deny>
    </Filters>
    <Scopes>
      <Scope>
        <ScopeId>172.22.99.0</ScopeId>
        <Name>Alexandre Herculano Piso -1</Name>
        <SubnetMask>255.255.255.0</SubnetMask>
        <StartRange>172.22.99.11</StartRange>
        <EndRange>172.22.99.254</EndRange>
        <LeaseDuration>6.00:00:00</LeaseDuration>
        <State>Active</State>
        <Type>Dhcp</Type>
        <MaxBootpClients>4294967295</MaxBootpClients>
        <NapEnable>false</NapEnable>
        <Delay>0</Delay>
        <NapProfile />
        <Description />
        <SuperScopeName />
        <ExclusionRanges>
          <IPRange>
            <StartRange>172.22.99.11</StartRange>
            <EndRange>172.22.99.50</EndRange>
          </IPRange>
          <IPRange>
            <StartRange>172.22.99.221</StartRange>
            <EndRange>172.22.99.254</EndRange>
          </IPRange>
          <IPRange>
            <StartRange>172.22.99.51</StartRange>
            <EndRange>172.22.99.150</EndRange>
          </IPRange>
        </ExclusionRanges>
        <OptionValues>
          <OptionValue>
            <OptionId>3</OptionId>
            <Value>172.22.99.1</Value>
            <VendorClass />
            <UserClass />
          </OptionValue>
          <OptionValue>
            <OptionId>6</OptionId>
            <Value>172.22.96.13</Value>
            <Value>172.22.96.11</Value>
            <Value>10.217.2.82</Value>
            <Value>10.217.2.94</Value>
            <VendorClass />
            <UserClass />
          </OptionValue>
          <OptionValue>
            <OptionId>15</OptionId>
            <Value>fidelidademundial.com</Value>
            <VendorClass />
            <UserClass />
          </OptionValue>
          <OptionValue>
            <OptionId>44</OptionId>
            <Value>172.23.33.17</Value>
            <Value>172.23.33.15</Value>
            <VendorClass />
            <UserClass />
          </OptionValue>
          <OptionValue>
            <OptionId>46</OptionId>
            <Value>0x08</Value>
            <VendorClass />
            <UserClass />
          </OptionValue>
          <OptionValue>
            <OptionId>51</OptionId>
            <Value>518400</Value>
            <VendorClass />
            <UserClass />
          </OptionValue>
        </OptionValues>
        <Reservations>
          <Reservation>
            <Name>PEAH53-1A01.bcpcorp.net</Name>
            <IPAddress>172.22.99.11</IPAddress>
            <ClientId>00-40-8c-47-68-11</ClientId>
            <Type>Both</Type>
            <Description>PEAH53-1A01</Description>
          </Reservation>
          <Reservation>
            <Name>PEAH53-1A02.bcpcorp.net</Name>
            <IPAddress>172.22.99.12</IPAddress>
            <ClientId>00-40-8c-47-66-83</ClientId>
            <Type>Both</Type>
            <Description>PEAH53-1A02</Description>
          </Reservation>
          <Reservation>
            <Name>PRAHR0A03</Name>
            <IPAddress>172.22.99.13</IPAddress>
            <ClientId>00-40-8c-47-66-21</ClientId>
            <Type>Both</Type>
            <Description>PEAH53-1A05</Description>
          </Reservation>
          <Reservation>
            <Name>AXIS4766FF.fidelidademundial.com</Name>
            <IPAddress>172.22.99.14</IPAddress>
            <ClientId>00-40-8c-47-66-ff</ClientId>
            <Type>Both</Type>
            <Description>PEAH53-1A06</Description>
          </Reservation>
          <Reservation>
            <Name>PRAHR0A05</Name>
            <IPAddress>172.22.99.15</IPAddress>
            <ClientId>00-40-8c-47-70-23</ClientId>
            <Type>Both</Type>
            <Description>PEAH53-1A07</Description>
          </Reservation>
          <Reservation>
            <Name>CGDSSIW20789.GrupoCGD.com</Name>
            <IPAddress>172.22.99.51</IPAddress>
            <ClientId>00-0b-cd-3b-b2-d3</ClientId>
            <Type>Both</Type>
            <Description>Multi-Estratégia</Description>
          </Reservation>
        </Reservations>
        <Leases>
          <Lease>
            <IPAddress>172.22.99.11</IPAddress>
            <ScopeId>172.22.99.0</ScopeId>
            <ClientId>00-40-8c-47-68-11</ClientId>
            <AddressState>ActiveReservation</AddressState>
            <ClientType>Dhcp</ClientType>
            <NapCapable>true</NapCapable>
            <DnsRR>PTR</DnsRR>
            <DnsRegistration>Complete</DnsRegistration>
            <NapStatus>FullAccess</NapStatus>
            <HostName>PEAH53-1A01.bcpcorp.net</HostName>
            <Description>PEAH53-1A01</Description>
          </Lease>
          <Lease>
            <IPAddress>172.22.99.12</IPAddress>
            <ScopeId>172.22.99.0</ScopeId>
            <ClientId>00-40-8c-47-66-83</ClientId>
            <AddressState>ActiveReservation</AddressState>
            <ClientType>Dhcp</ClientType>
            <NapCapable>true</NapCapable>
            <DnsRR>PTR</DnsRR>
            <DnsRegistration>Complete</DnsRegistration>
            <NapStatus>FullAccess</NapStatus>
            <HostName>PEAH53-1A02.bcpcorp.net</HostName>
            <Description>PEAH53-1A02</Description>
          </Lease>
          <Lease>
            <IPAddress>172.22.99.13</IPAddress>
            <ScopeId>172.22.99.0</ScopeId>
            <ClientId>00-40-8c-47-66-21</ClientId>
            <AddressState>ActiveReservation</AddressState>
            <ClientType>BootP</ClientType>
            <NapCapable>true</NapCapable>
            <DnsRR>NoRegistration</DnsRR>
            <DnsRegistration>NotApplicable</DnsRegistration>
            <NapStatus>FullAccess</NapStatus>
            <HostName>PRAHR0A03</HostName>
            <Description>PEAH53-1A05</Description>
          </Lease>
          <Lease>
            <IPAddress>172.22.99.14</IPAddress>
            <ScopeId>172.22.99.0</ScopeId>
            <ClientId>00-40-8c-47-66-ff</ClientId>
            <AddressState>ActiveReservation</AddressState>
            <ClientType>Dhcp</ClientType>
            <NapCapable>false</NapCapable>
            <DnsRR>PTR</DnsRR>
            <DnsRegistration>Complete</DnsRegistration>
            <NapStatus>FullAccess</NapStatus>
            <HostName>AXIS4766FF.fidelidademundial.com</HostName>
            <Description>PEAH53-1A06</Description>
          </Lease>
          <Lease>
            <IPAddress>172.22.99.15</IPAddress>
            <ScopeId>172.22.99.0</ScopeId>
            <ClientId>00-40-8c-47-70-23</ClientId>
            <AddressState>InactiveReservation</AddressState>
            <ClientType>None</ClientType>
            <NapCapable>true</NapCapable>
            <DnsRR>NoRegistration</DnsRR>
            <DnsRegistration>NotApplicable</DnsRegistration>
            <NapStatus>FullAccess</NapStatus>
            <HostName>PRAHR0A05</HostName>
            <Description>PEAH53-1A07</Description>
          </Lease>
          <Lease>
            <IPAddress>172.22.99.51</IPAddress>
            <ScopeId>172.22.99.0</ScopeId>
            <ClientId>00-0b-cd-3b-b2-d3</ClientId>
            <AddressState>ActiveReservation</AddressState>
            <ClientType>Dhcp</ClientType>
            <NapCapable>true</NapCapable>
            <DnsRR>PTR</DnsRR>
            <DnsRegistration>Complete</DnsRegistration>
            <NapStatus>FullAccess</NapStatus>
            <HostName>CGDSSIW20789.GrupoCGD.com</HostName>
            <Description>Multi-Estratégia</Description>
          </Lease>
          <Lease>
            <IPAddress>172.22.99.151</IPAddress>
            <ScopeId>172.22.99.0</ScopeId>
            <ClientId>64-31-50-96-43-37</ClientId>
            <AddressState>Active</AddressState>
            <ClientType>Dhcp</ClientType>
            <NapCapable>false</NapCapable>
            <DnsRR>PTR</DnsRR>
            <DnsRegistration>Pending</DnsRegistration>
            <LeaseExpiryTime>2015-08-25 14:59:14Z</LeaseExpiryTime>
            <NapStatus>FullAccess</NapStatus>
            <HostName>FMNRAHR07W7080.fidelidademundial.com</HostName>
          </Lease>
          <Lease>
            <IPAddress>172.22.99.152</IPAddress>
            <ScopeId>172.22.99.0</ScopeId>
            <ClientId>00-0f-fe-c5-a0-d4</ClientId>
            <AddressState>Active</AddressState>
            <ClientType>Dhcp</ClientType>
            <NapCapable>false</NapCapable>
            <DnsRR>PTR</DnsRR>
            <DnsRegistration>Complete</DnsRegistration>
            <LeaseExpiryTime>2015-08-30 02:03:10Z</LeaseExpiryTime>
            <NapStatus>FullAccess</NapStatus>
            <HostName>FMNRAHR0AW7017.fidelidademundial.com</HostName>
          </Lease>
          <Lease>
            <IPAddress>172.22.99.154</IPAddress>
            <ScopeId>172.22.99.0</ScopeId>
            <ClientId>00-0f-fe-c5-bd-2c</ClientId>
            <AddressState>Active</AddressState>
            <ClientType>Dhcp</ClientType>
            <NapCapable>false</NapCapable>
            <DnsRR>PTR</DnsRR>
            <DnsRegistration>Complete</DnsRegistration>
            <LeaseExpiryTime>2015-08-30 02:02:09Z</LeaseExpiryTime>
            <NapStatus>FullAccess</NapStatus>
            <HostName>FMNRAHR0AW7019.fidelidademundial.com</HostName>
          </Lease>
          <Lease>
            <IPAddress>172.22.99.155</IPAddress>
            <ScopeId>172.22.99.0</ScopeId>
            <ClientId>64-31-50-84-71-12</ClientId>
            <AddressState>Active</AddressState>
            <ClientType>Dhcp</ClientType>
            <NapCapable>true</NapCapable>
            <DnsRR>PTR</DnsRR>
            <DnsRegistration>Pending</DnsRegistration>
            <LeaseExpiryTime>2015-08-24 15:05:48Z</LeaseExpiryTime>
            <NapStatus>FullAccess</NapStatus>
            <HostName>FMNRPAV04W3009.fidelidademundial.com</HostName>
          </Lease>
          <Lease>
            <IPAddress>172.22.99.156</IPAddress>
            <ScopeId>172.22.99.0</ScopeId>
            <ClientId>64-31-50-96-93-9e</ClientId>
            <AddressState>Active</AddressState>
            <ClientType>Dhcp</ClientType>
            <NapCapable>true</NapCapable>
            <DnsRR>PTR</DnsRR>
            <DnsRegistration>Complete</DnsRegistration>
            <LeaseExpiryTime>2015-08-30 10:14:25Z</LeaseExpiryTime>
            <NapStatus>FullAccess</NapStatus>
            <HostName>FMNRAHR08W3026.fidelidademundial.com</HostName>
          </Lease>
          <Lease>
            <IPAddress>172.22.99.157</IPAddress>
            <ScopeId>172.22.99.0</ScopeId>
            <ClientId>00-0f-fe-c5-9a-13</ClientId>
            <AddressState>Active</AddressState>
            <ClientType>Dhcp</ClientType>
            <NapCapable>true</NapCapable>
            <DnsRR>PTR</DnsRR>
            <DnsRegistration>Complete</DnsRegistration>
            <LeaseExpiryTime>2015-08-30 07:28:41Z</LeaseExpiryTime>
            <NapStatus>FullAccess</NapStatus>
            <HostName>FMNRAHR0AW3044.fidelidademundial.com</HostName>
          </Lease>
          <Lease>
            <IPAddress>172.22.99.158</IPAddress>
            <ScopeId>172.22.99.0</ScopeId>
            <ClientId>34-64-a9-d2-a7-b2</ClientId>
            <AddressState>Active</AddressState>
            <ClientType>Dhcp</ClientType>
            <NapCapable>false</NapCapable>
            <DnsRR>PTR</DnsRR>
            <DnsRegistration>Complete</DnsRegistration>
            <LeaseExpiryTime>2015-08-26 15:24:02Z</LeaseExpiryTime>
            <NapStatus>FullAccess</NapStatus>
            <HostName>FMNRAHR08W7009.fidelidademundial.com</HostName>
          </Lease>
          <Lease>
            <IPAddress>172.22.99.159</IPAddress>
            <ScopeId>172.22.99.0</ScopeId>
            <ClientId>9f-63-16-ac-00-00-00-00-00</ClientId>
            <AddressState>Expired</AddressState>
            <ClientType>Dhcp</ClientType>
            <NapCapable>true</NapCapable>
            <DnsRR>PTR</DnsRR>
            <DnsRegistration>Pending</DnsRegistration>
            <LeaseExpiryTime>2015-08-30 13:40:04Z</LeaseExpiryTime>
            <NapStatus>FullAccess</NapStatus>
            <HostName>FMNRAHR05W3078.fidelidademundial.com</HostName>
          </Lease>
          <Lease>
            <IPAddress>172.22.99.164</IPAddress>
            <ScopeId>172.22.99.0</ScopeId>
            <ClientId>00-0f-fe-c6-10-97</ClientId>
            <AddressState>Active</AddressState>
            <ClientType>Dhcp</ClientType>
            <NapCapable>false</NapCapable>
            <DnsRR>PTR</DnsRR>
            <DnsRegistration>Complete</DnsRegistration>
            <LeaseExpiryTime>2015-08-30 03:31:41Z</LeaseExpiryTime>
            <NapStatus>FullAccess</NapStatus>
            <HostName>FMNRAHR0AW7012.fidelidademundial.com</HostName>
          </Lease>
          <Lease>
            <IPAddress>172.22.99.165</IPAddress>
            <ScopeId>172.22.99.0</ScopeId>
            <ClientId>a4-ba-db-b5-10-0b</ClientId>
            <AddressState>Active</AddressState>
            <ClientType>Dhcp</ClientType>
            <NapCapable>true</NapCapable>
            <DnsRR>PTR</DnsRR>
            <DnsRegistration>Complete</DnsRegistration>
            <LeaseExpiryTime>2015-08-26 15:06:51Z</LeaseExpiryTime>
            <NapStatus>FullAccess</NapStatus>
            <HostName>FMNRAHR08W3019.fidelidademundial.com</HostName>
          </Lease>
          <Lease>
            <IPAddress>172.22.99.166</IPAddress>
            <ScopeId>172.22.99.0</ScopeId>
            <ClientId>00-0f-fe-c6-00-a5</ClientId>
            <AddressState>Active</AddressState>
            <ClientType>Dhcp</ClientType>
            <NapCapable>false</NapCapable>
            <DnsRR>PTR</DnsRR>
            <DnsRegistration>Complete</DnsRegistration>
            <LeaseExpiryTime>2015-08-30 03:20:16Z</LeaseExpiryTime>
            <NapStatus>FullAccess</NapStatus>
            <HostName>FMNRAHR0AW7001.fidelidademundial.com</HostName>
          </Lease>
          <Lease>
            <IPAddress>172.22.99.168</IPAddress>
            <ScopeId>172.22.99.0</ScopeId>
            <ClientId>00-0f-fe-c5-a1-b4</ClientId>
            <AddressState>Active</AddressState>
            <ClientType>Dhcp</ClientType>
            <NapCapable>false</NapCapable>
            <DnsRR>PTR</DnsRR>
            <DnsRegistration>Complete</DnsRegistration>
            <LeaseExpiryTime>2015-08-30 07:28:56Z</LeaseExpiryTime>
            <NapStatus>FullAccess</NapStatus>
            <HostName>FMNRAHR0AW7020.fidelidademundial.com</HostName>
          </Lease>
          <Lease>
            <IPAddress>172.22.99.169</IPAddress>
            <ScopeId>172.22.99.0</ScopeId>
            <ClientId>00-0f-fe-c5-a0-ed</ClientId>
            <AddressState>Active</AddressState>
            <ClientType>Dhcp</ClientType>
            <NapCapable>false</NapCapable>
            <DnsRR>PTR</DnsRR>
            <DnsRegistration>Complete</DnsRegistration>
            <LeaseExpiryTime>2015-08-30 03:22:23Z</LeaseExpiryTime>
            <NapStatus>FullAccess</NapStatus>
            <HostName>FMNRAHR0AW7010.fidelidademundial.com</HostName>
          </Lease>
          <Lease>
            <IPAddress>172.22.99.171</IPAddress>
            <ScopeId>172.22.99.0</ScopeId>
            <ClientId>00-14-38-c9-b5-7d</ClientId>
            <AddressState>Active</AddressState>
            <ClientType>Dhcp</ClientType>
            <NapCapable>true</NapCapable>
            <DnsRR>PTR</DnsRR>
            <DnsRegistration>Complete</DnsRegistration>
            <LeaseExpiryTime>2015-08-30 07:53:40Z</LeaseExpiryTime>
            <NapStatus>FullAccess</NapStatus>
            <HostName>CGDWX01125062.GrupoCGD.com</HostName>
          </Lease>
          <Lease>
            <IPAddress>172.22.99.175</IPAddress>
            <ScopeId>172.22.99.0</ScopeId>
            <ClientId>00-0f-fe-c5-9f-9c</ClientId>
            <AddressState>Active</AddressState>
            <ClientType>Dhcp</ClientType>
            <NapCapable>false</NapCapable>
            <DnsRR>PTR</DnsRR>
            <DnsRegistration>Complete</DnsRegistration>
            <LeaseExpiryTime>2015-08-30 02:45:01Z</LeaseExpiryTime>
            <NapStatus>FullAccess</NapStatus>
            <HostName>FMNRAHR0AW7003.fidelidademundial.com</HostName>
          </Lease>
          <Lease>
            <IPAddress>172.22.99.177</IPAddress>
            <ScopeId>172.22.99.0</ScopeId>
            <ClientId>00-0f-fe-c5-a1-09</ClientId>
            <AddressState>Active</AddressState>
            <ClientType>Dhcp</ClientType>
            <NapCapable>false</NapCapable>
            <DnsRR>PTR</DnsRR>
            <DnsRegistration>Complete</DnsRegistration>
            <LeaseExpiryTime>2015-08-30 02:39:10Z</LeaseExpiryTime>
            <NapStatus>FullAccess</NapStatus>
            <HostName>FMNRAHR0AW7008.fidelidademundial.com</HostName>
          </Lease>
          <Lease>
            <IPAddress>172.22.99.178</IPAddress>
            <ScopeId>172.22.99.0</ScopeId>
            <ClientId>00-0f-fe-c5-a0-e6</ClientId>
            <AddressState>Active</AddressState>
            <ClientType>Dhcp</ClientType>
            <NapCapable>false</NapCapable>
            <DnsRR>PTR</DnsRR>
            <DnsRegistration>Complete</DnsRegistration>
            <LeaseExpiryTime>2015-08-30 02:02:09Z</LeaseExpiryTime>
            <NapStatus>FullAccess</NapStatus>
            <HostName>FMNRAHR0AW7006.fidelidademundial.com</HostName>
          </Lease>
          <Lease>
            <IPAddress>172.22.99.179</IPAddress>
            <ScopeId>172.22.99.0</ScopeId>
            <ClientId>00-0f-fe-c5-9f-9e</ClientId>
            <AddressState>Active</AddressState>
            <ClientType>Dhcp</ClientType>
            <NapCapable>false</NapCapable>
            <DnsRR>PTR</DnsRR>
            <DnsRegistration>Complete</DnsRegistration>
            <LeaseExpiryTime>2015-08-30 02:03:10Z</LeaseExpiryTime>
            <NapStatus>FullAccess</NapStatus>
            <HostName>FMNRAHR0AW7005.fidelidademundial.com</HostName>
          </Lease>
          <Lease>
            <IPAddress>172.22.99.180</IPAddress>
            <ScopeId>172.22.99.0</ScopeId>
            <ClientId>34-64-a9-d2-27-3f</ClientId>
            <AddressState>Active</AddressState>
            <ClientType>Dhcp</ClientType>
            <NapCapable>false</NapCapable>
            <DnsRR>PTR</DnsRR>
            <DnsRegistration>Complete</DnsRegistration>
            <LeaseExpiryTime>2015-08-30 10:33:25Z</LeaseExpiryTime>
            <NapStatus>FullAccess</NapStatus>
            <HostName>FMNRAHR06W7027.fidelidademundial.com</HostName>
          </Lease>
          <Lease>
            <IPAddress>172.22.99.182</IPAddress>
            <ScopeId>172.22.99.0</ScopeId>
            <ClientId>00-0f-fe-cf-e5-21</ClientId>
            <AddressState>Active</AddressState>
            <ClientType>Dhcp</ClientType>
            <NapCapable>false</NapCapable>
            <DnsRR>PTR</DnsRR>
            <DnsRegistration>Complete</DnsRegistration>
            <LeaseExpiryTime>2015-08-30 06:14:55Z</LeaseExpiryTime>
            <NapStatus>FullAccess</NapStatus>
            <HostName>FMNRAHR0AW7023.fidelidademundial.com</HostName>
          </Lease>
          <Lease>
            <IPAddress>172.22.99.196</IPAddress>
            <ScopeId>172.22.99.0</ScopeId>
            <ClientId>00-0f-fe-c6-10-2a</ClientId>
            <AddressState>Active</AddressState>
            <ClientType>Dhcp</ClientType>
            <NapCapable>true</NapCapable>
            <DnsRR>PTR</DnsRR>
            <DnsRegistration>Complete</DnsRegistration>
            <LeaseExpiryTime>2015-08-30 10:12:17Z</LeaseExpiryTime>
            <NapStatus>FullAccess</NapStatus>
            <HostName>fmnrahr0aw3088.fidelidademundial.com</HostName>
          </Lease>
          <Lease>
            <IPAddress>172.22.99.199</IPAddress>
            <ScopeId>172.22.99.0</ScopeId>
            <ClientId>00-0f-fe-c5-9a-c3</ClientId>
            <AddressState>Active</AddressState>
            <ClientType>Dhcp</ClientType>
            <NapCapable>true</NapCapable>
            <DnsRR>PTR</DnsRR>
            <DnsRegistration>Complete</DnsRegistration>
            <LeaseExpiryTime>2015-08-25 07:43:35Z</LeaseExpiryTime>
            <NapStatus>FullAccess</NapStatus>
            <HostName>FMNRAHR0AW3077.fidelidademundial.com</HostName>
          </Lease>
		  <Lease>
            <IPAddress>172.22.99.52</IPAddress>
            <ScopeId>172.22.99.0</ScopeId>
            <ClientId>34-64-a9-d5-72-e0</ClientId>
            <AddressState>Active</AddressState>
            <ClientType>Dhcp</ClientType>
            <NapCapable>false</NapCapable>
            <DnsRR>PTR</DnsRR>
            <DnsRegistration>Complete</DnsRegistration>
            <LeaseExpiryTime>2015-08-25 14:50:59Z</LeaseExpiryTime>
            <NapStatus>FullAccess</NapStatus>
            <HostName>FMNCLHS04W7011.fidelidademundial.com</HostName>
          </Lease>
          <Lease>
            <IPAddress>172.22.99.53</IPAddress>
            <ScopeId>172.22.99.0</ScopeId>
            <ClientId>64-31-50-1a-85-3f</ClientId>
            <AddressState>Active</AddressState>
            <ClientType>Dhcp</ClientType>
            <NapCapable>false</NapCapable>
            <DnsRR>PTR</DnsRR>
            <DnsRegistration>Complete</DnsRegistration>
            <LeaseExpiryTime>2015-08-30 04:00:34Z</LeaseExpiryTime>
            <NapStatus>FullAccess</NapStatus>
            <HostName>FMNRAHR0AW7018.fidelidademundial.com</HostName>
          </Lease>
          <Lease>
            <IPAddress>172.22.99.54</IPAddress>
            <ScopeId>172.22.99.0</ScopeId>
            <ClientId>34-64-a9-d5-62-46</ClientId>
            <AddressState>Active</AddressState>
            <ClientType>Dhcp</ClientType>
            <NapCapable>false</NapCapable>
            <DnsRR>PTR</DnsRR>
            <DnsRegistration>Complete</DnsRegistration>
            <LeaseExpiryTime>2015-08-26 07:30:58Z</LeaseExpiryTime>
            <NapStatus>FullAccess</NapStatus>
            <HostName>FMNCLHP04W7012.fidelidademundial.com</HostName>
          </Lease>
          <Lease>
            <IPAddress>172.22.99.55</IPAddress>
            <ScopeId>172.22.99.0</ScopeId>
            <ClientId>50-65-f3-b7-fa-6f</ClientId>
            <AddressState>Active</AddressState>
            <ClientType>Dhcp</ClientType>
            <NapCapable>false</NapCapable>
            <DnsRR>PTR</DnsRR>
            <DnsRegistration>Complete</DnsRegistration>
            <LeaseExpiryTime>2015-08-26 15:20:23Z</LeaseExpiryTime>
            <NapStatus>FullAccess</NapStatus>
            <HostName>FMNCLHS04W7010.fidelidademundial.com</HostName>
          </Lease>
          <Lease>
            <IPAddress>172.22.99.62</IPAddress>
            <ScopeId>172.22.99.0</ScopeId>
            <ClientId>00-0f-fe-c5-7b-2e</ClientId>
            <AddressState>Active</AddressState>
            <ClientType>Dhcp</ClientType>
            <NapCapable>false</NapCapable>
            <DnsRR>PTR</DnsRR>
            <DnsRegistration>Complete</DnsRegistration>
            <LeaseExpiryTime>2015-08-30 03:00:59Z</LeaseExpiryTime>
            <NapStatus>FullAccess</NapStatus>
            <HostName>FMNRAHR0AW7015.fidelidademundial.com</HostName>
          </Lease>
          <Lease>
            <IPAddress>172.22.99.64</IPAddress>
            <ScopeId>172.22.99.0</ScopeId>
            <ClientId>00-0f-fe-c5-a0-b1</ClientId>
            <AddressState>Active</AddressState>
            <ClientType>Dhcp</ClientType>
            <NapCapable>false</NapCapable>
            <DnsRR>PTR</DnsRR>
            <DnsRegistration>Complete</DnsRegistration>
            <LeaseExpiryTime>2015-08-30 03:29:09Z</LeaseExpiryTime>
            <NapStatus>FullAccess</NapStatus>
            <HostName>FMNRAHR0AW7016.fidelidademundial.com</HostName>
          </Lease>
          <Lease>
            <IPAddress>172.22.99.65</IPAddress>
            <ScopeId>172.22.99.0</ScopeId>
            <ClientId>00-24-81-f4-37-80</ClientId>
            <AddressState>Active</AddressState>
            <ClientType>Dhcp</ClientType>
            <NapCapable>true</NapCapable>
            <DnsRR>PTR</DnsRR>
            <DnsRegistration>Complete</DnsRegistration>
            <LeaseExpiryTime>2015-08-25 15:13:18Z</LeaseExpiryTime>
            <NapStatus>FullAccess</NapStatus>
            <HostName>FMNRAHR0AW3085.fidelidademundial.com</HostName>
          </Lease>
          <Lease>
            <IPAddress>172.22.99.66</IPAddress>
            <ScopeId>172.22.99.0</ScopeId>
            <ClientId>a0-48-1c-97-33-e3</ClientId>
            <AddressState>Active</AddressState>
            <ClientType>Dhcp</ClientType>
            <NapCapable>false</NapCapable>
            <DnsRR>PTR</DnsRR>
            <DnsRegistration>Complete</DnsRegistration>
            <LeaseExpiryTime>2015-08-30 02:51:14Z</LeaseExpiryTime>
            <NapStatus>FullAccess</NapStatus>
            <HostName>FMNRAHR0AW7014.fidelidademundial.com</HostName>
          </Lease>
          <Lease>
            <IPAddress>172.22.99.77</IPAddress>
            <ScopeId>172.22.99.0</ScopeId>
            <ClientId>00-24-81-f4-37-62</ClientId>
            <AddressState>Active</AddressState>
            <ClientType>Dhcp</ClientType>
            <NapCapable>true</NapCapable>
            <DnsRR>PTR</DnsRR>
            <DnsRegistration>Complete</DnsRegistration>
            <LeaseExpiryTime>2015-08-27 15:16:35Z</LeaseExpiryTime>
            <NapStatus>FullAccess</NapStatus>
            <HostName>FMNRAHR0AW3048.fidelidademundial.com</HostName>
          </Lease>
          <Lease>
            <IPAddress>172.22.99.78</IPAddress>
            <ScopeId>172.22.99.0</ScopeId>
            <ClientId>00-0f-fe-c5-fb-9f</ClientId>
            <AddressState>Active</AddressState>
            <ClientType>Dhcp</ClientType>
            <NapCapable>false</NapCapable>
            <DnsRR>PTR</DnsRR>
            <DnsRegistration>Complete</DnsRegistration>
            <LeaseExpiryTime>2015-08-30 03:56:02Z</LeaseExpiryTime>
            <NapStatus>FullAccess</NapStatus>
            <HostName>FMNRAHR0AW7013.fidelidademundial.com</HostName>
          </Lease>
          <Lease>
            <IPAddress>172.22.99.81</IPAddress>
            <ScopeId>172.22.99.0</ScopeId>
            <ClientId>74-46-a0-b4-dc-7b</ClientId>
            <AddressState>Active</AddressState>
            <ClientType>Dhcp</ClientType>
            <NapCapable>false</NapCapable>
            <DnsRR>PTR</DnsRR>
            <DnsRegistration>Complete</DnsRegistration>
            <LeaseExpiryTime>2015-08-30 02:06:24Z</LeaseExpiryTime>
            <NapStatus>FullAccess</NapStatus>
            <HostName>FMNRAHR0AW7021.fidelidademundial.com</HostName>
          </Lease>
          <Lease>
            <IPAddress>172.22.99.82</IPAddress>
            <ScopeId>172.22.99.0</ScopeId>
            <ClientId>00-0f-fe-c5-f4-c3</ClientId>
            <AddressState>Active</AddressState>
            <ClientType>Dhcp</ClientType>
            <NapCapable>false</NapCapable>
            <DnsRR>PTR</DnsRR>
            <DnsRegistration>Complete</DnsRegistration>
            <LeaseExpiryTime>2015-08-30 02:02:16Z</LeaseExpiryTime>
            <NapStatus>FullAccess</NapStatus>
            <HostName>FMNRAHR0AW7004.fidelidademundial.com</HostName>
          </Lease>
          <Lease>
            <IPAddress>172.22.99.86</IPAddress>
            <ScopeId>172.22.99.0</ScopeId>
            <ClientId>00-0f-fe-c5-fd-0a</ClientId>
            <AddressState>Active</AddressState>
            <ClientType>Dhcp</ClientType>
            <NapCapable>false</NapCapable>
            <DnsRR>PTR</DnsRR>
            <DnsRegistration>Complete</DnsRegistration>
            <LeaseExpiryTime>2015-08-30 03:09:47Z</LeaseExpiryTime>
            <NapStatus>FullAccess</NapStatus>
            <HostName>FMNRAHR0AW7011.fidelidademundial.com</HostName>
          </Lease>
          <Lease>
            <IPAddress>172.22.99.92</IPAddress>
            <ScopeId>172.22.99.0</ScopeId>
            <ClientId>00-24-81-f3-b9-52</ClientId>
            <AddressState>Active</AddressState>
            <ClientType>Dhcp</ClientType>
            <NapCapable>true</NapCapable>
            <DnsRR>PTR</DnsRR>
            <DnsRegistration>Complete</DnsRegistration>
            <LeaseExpiryTime>2015-08-27 08:41:39Z</LeaseExpiryTime>
            <NapStatus>FullAccess</NapStatus>
            <HostName>FMNRAHR0AW3033.fidelidademundial.com</HostName>
          </Lease>
          <Lease>
            <IPAddress>172.22.99.105</IPAddress>
            <ScopeId>172.22.99.0</ScopeId>
            <ClientId>00-24-81-f6-52-8b</ClientId>
            <AddressState>Active</AddressState>
            <ClientType>Dhcp</ClientType>
            <NapCapable>true</NapCapable>
            <DnsRR>PTR</DnsRR>
            <DnsRegistration>Complete</DnsRegistration>
            <LeaseExpiryTime>2015-08-30 08:45:41Z</LeaseExpiryTime>
            <NapStatus>FullAccess</NapStatus>
            <HostName>fmnrahr0aw3039.fidelidademundial.com</HostName>
          </Lease>
        </Leases>
      </Scope>
    </Scopes>
  </IPv4>
</DHCPServer>